t,q1,q2,q3,q4,q5,q6,q7
0.000000,0.10000000,0.30000000,0.00000000,-0.05000000,0.00000000,0.05000000,0.00000000
0.005000,0.10000000,0.30000543,-0.00000000,-0.05001093,0.00000000,0.05000552,-0.00000000
0.010000,0.09999994,0.30001098,0.00000008,-0.05002171,0.00000000,0.05001093,0.00000012
0.015000,0.09999970,0.30001706,0.00000037,-0.05003254,-0.00000000,0.05001638,0.00000063
0.020000,0.09999918,0.30002399,0.00000101,-0.05004348,-0.00000006,0.05002186,0.00000177
0.025000,0.09999829,0.30003212,0.00000211,-0.05005462,-0.00000021,0.05002743,0.00000379
0.030000,0.09999692,0.30004176,0.00000380,-0.05006602,-0.00000048,0.05003310,0.00000693
0.035000,0.09999498,0.30005326,0.00000620,-0.05007776,-0.00000091,0.05003893,0.00001144
0.040000,0.09999236,0.30006692,0.00000943,-0.05008994,-0.00000156,0.05004495,0.00001758
0.045000,0.09998899,0.30008308,0.00001361,-0.05010264,-0.00000245,0.05005119,0.00002558
0.050000,0.09998476,0.30010207,0.00001887,-0.05011594,-0.00000365,0.05005770,0.00003570
0.055000,0.09997958,0.30012420,0.00002531,-0.05012995,-0.00000521,0.05006453,0.00004819
0.060000,0.09997336,0.30014980,0.00003305,-0.05014475,-0.00000716,0.05007171,0.00006328
0.065000,0.09996601,0.30017919,0.00004220,-0.05016046,-0.00000958,0.05007929,0.00008123
0.070000,0.09995744,0.30021268,0.00005288,-0.05017717,-0.00001251,0.05008732,0.00010229
0.075000,0.09994758,0.30025060,0.00006520,-0.05019500,-0.00001601,0.05009586,0.00012670
0.080000,0.09993632,0.30029326,0.00007927,-0.05021405,-0.00002015,0.05010495,0.00015470
0.085000,0.09992360,0.30034098,0.00009519,-0.05023444,-0.00002499,0.05011464,0.00018655
0.090000,0.09990933,0.30039408,0.00011308,-0.05025629,-0.00003059,0.05012500,0.00022248
0.095000,0.09989343,0.30045285,0.00013304,-0.05027972,-0.00003702,0.05013608,0.00026274
0.100000,0.09987582,0.30051763,0.00015517,-0.05030485,-0.00004435,0.05014794,0.00030758
0.105000,0.09985643,0.30058872,0.00017958,-0.05033181,-0.00005266,0.05016063,0.00035723
0.110000,0.09983519,0.30066642,0.00020636,-0.05036074,-0.00006201,0.05017423,0.00041195
0.115000,0.09981202,0.30075106,0.00023563,-0.05039178,-0.00007248,0.05018879,0.00047196
0.120000,0.09978685,0.30084293,0.00026747,-0.05042505,-0.00008416,0.05020439,0.00053751
0.125000,0.09975963,0.30094234,0.00030198,-0.05046072,-0.00009712,0.05022108,0.00060885
0.130000,0.09973028,0.30104961,0.00033927,-0.05049892,-0.00011144,0.05023895,0.00068620
0.135000,0.09969873,0.30116504,0.00037942,-0.05053980,-0.00012721,0.05025806,0.00076981
0.140000,0.09966495,0.30128893,0.00042253,-0.05058353,-0.00014452,0.05027849,0.00085992
0.145000,0.09962885,0.30142159,0.00046869,-0.05063027,-0.00016346,0.05030032,0.00095675
0.150000,0.09959040,0.30156332,0.00051799,-0.05068017,-0.00018412,0.05032362,0.00106055
0.155000,0.09954953,0.30171443,0.00057052,-0.05073342,-0.00020660,0.05034848,0.00117155
0.160000,0.09950620,0.30187522,0.00062638,-0.05079018,-0.00023099,0.05037498,0.00128999
0.165000,0.09946037,0.30204600,0.00068564,-0.05085064,-0.00025739,0.05040321,0.00141608
0.170000,0.09941199,0.30222706,0.00074839,-0.05091498,-0.00028591,0.05043325,0.00155007
0.175000,0.09936101,0.30241872,0.00081472,-0.05098339,-0.00031664,0.05046520,0.00169217
0.180000,0.09930741,0.30262127,0.00088470,-0.05105607,-0.00034971,0.05049915,0.00184263
0.185000,0.09925115,0.30283502,0.00095843,-0.05113321,-0.00038522,0.05053521,0.00200166
0.190000,0.09919220,0.30306027,0.00103599,-0.05121504,-0.00042327,0.05057347,0.00216949
0.195000,0.09913053,0.30329734,0.00111745,-0.05130176,-0.00046400,0.05061403,0.00234634
0.200000,0.09906612,0.30354652,0.00120289,-0.05139359,-0.00050752,0.05065700,0.00253243
0.205000,0.09899895,0.30380812,0.00129239,-0.05149077,-0.00055394,0.05070250,0.00272798
0.210000,0.09892901,0.30408245,0.00138602,-0.05159352,-0.00060340,0.05075064,0.00293321
0.215000,0.09885628,0.30436982,0.00148387,-0.05170210,-0.00065603,0.05080153,0.00314834
0.220000,0.09878076,0.30467054,0.00158601,-0.05181674,-0.00071195,0.05085531,0.00337357
0.225000,0.09870243,0.30498492,0.00169252,-0.05193772,-0.00077131,0.05091208,0.00360913
0.230000,0.09862132,0.30531328,0.00180345,-0.05206530,-0.00083424,0.05097200,0.00385521
0.235000,0.09853740,0.30565592,0.00191890,-0.05219975,-0.00090088,0.05103518,0.00411204
0.240000,0.09845071,0.30601318,0.00203894,-0.05234137,-0.00097138,0.05110178,0.00437980
0.245000,0.09836125,0.30638536,0.00216362,-0.05249044,-0.00104589,0.05117193,0.00465872
0.250000,0.09826903,0.30677280,0.00229303,-0.05264729,-0.00112456,0.05124579,0.00494898
0.255000,0.09817409,0.30717582,0.00242724,-0.05281221,-0.00120755,0.05132351,0.00525080
0.260000,0.09807646,0.30759474,0.00256631,-0.05298556,-0.00129503,0.05140526,0.00556436
0.265000,0.09797615,0.30802991,0.00271033,-0.05316765,-0.00138715,0.05149119,0.00588986
0.270000,0.09787322,0.30848166,0.00285935,-0.05335886,-0.00148410,0.05158150,0.00622749
0.275000,0.09776771,0.30895033,0.00301345,-0.05355955,-0.00158603,0.05167635,0.00657744
0.280000,0.09765967,0.30943627,0.00317270,-0.05377010,-0.00169314,0.05177594,0.00693989
0.285000,0.09754914,0.30993983,0.00333716,-0.05399090,-0.00180560,0.05188045,0.00731504
0.290000,0.09743620,0.31046136,0.00350692,-0.05422237,-0.00192360,0.05199010,0.00770305
0.295000,0.09732090,0.31100122,0.00368205,-0.05446493,-0.00204734,0.05210509,0.00810411
0.300000,0.09720333,0.31155980,0.00386260,-0.05471903,-0.00217702,0.05222564,0.00851840
0.305000,0.09708355,0.31213745,0.00404867,-0.05498513,-0.00231283,0.05235198,0.00894607
0.310000,0.09696165,0.31273456,0.00424031,-0.05526371,-0.00245498,0.05248434,0.00938730
0.315000,0.09683772,0.31335151,0.00443761,-0.05555527,-0.00260370,0.05262298,0.00984225
0.320000,0.09671187,0.31398871,0.00464064,-0.05586033,-0.00275919,0.05276814,0.01031108
0.325000,0.09658418,0.31464656,0.00484947,-0.05617942,-0.00292168,0.05292010,0.01079395
0.330000,0.09645478,0.31532547,0.00506419,-0.05651312,-0.00309141,0.05307913,0.01129101
0.335000,0.09632378,0.31602587,0.00528488,-0.05686200,-0.00326859,0.05324553,0.01180240
0.340000,0.09619130,0.31674817,0.00551160,-0.05722667,-0.00345349,0.05341959,0.01232826
0.345000,0.09605748,0.31749284,0.00574446,-0.05760778,-0.00364633,0.05360162,0.01286873
0.350000,0.09592245,0.31826031,0.00598352,-0.05800597,-0.00384737,0.05379197,0.01342395
0.355000,0.09578637,0.31905106,0.00622888,-0.05842194,-0.00405687,0.05399095,0.01399403
0.360000,0.09564939,0.31986556,0.00648063,-0.05885641,-0.00427509,0.05419894,0.01457911
0.365000,0.09551167,0.32070430,0.00673885,-0.05931011,-0.00450230,0.05441629,0.01517928
0.370000,0.09537338,0.32156778,0.00700364,-0.05978382,-0.00473877,0.05464340,0.01579467
0.375000,0.09523470,0.32245652,0.00727510,-0.06027837,-0.00498478,0.05488066,0.01642536
0.380000,0.09509582,0.32337105,0.00755331,-0.06079457,-0.00524062,0.05512850,0.01707145
0.385000,0.09495694,0.32431191,0.00783839,-0.06133333,-0.00550656,0.05538734,0.01773303
0.390000,0.09481827,0.32527966,0.00813043,-0.06189553,-0.00578290,0.05565764,0.01841016
0.395000,0.09468002,0.32627489,0.00842954,-0.06248214,-0.00606994,0.05593987,0.01910292
0.400000,0.09454243,0.32729819,0.00873582,-0.06309415,-0.00636798,0.05623452,0.01981136
0.405000,0.09440571,0.32835016,0.00904940,-0.06373258,-0.00667732,0.05654210,0.02053553
0.410000,0.09427013,0.32943145,0.00937037,-0.06439849,-0.00699827,0.05686315,0.02127546
0.415000,0.09413595,0.33054269,0.00969886,-0.06509301,-0.00733113,0.05719820,0.02203117
0.420000,0.09400342,0.33168457,0.01003499,-0.06581729,-0.00767622,0.05754784,0.02280267
0.425000,0.09387283,0.33285776,0.01037887,-0.06657251,-0.00803384,0.05791266,0.02358996
0.430000,0.09374447,0.33406298,0.01073062,-0.06735994,-0.00840430,0.05829328,0.02439301
0.435000,0.09361865,0.33530097,0.01109037,-0.06818086,-0.00878792,0.05869034,0.02521180
0.440000,0.09349568,0.33657246,0.01145825,-0.06903661,-0.00918499,0.05910450,0.02604626
0.445000,0.09337589,0.33787824,0.01183438,-0.06992857,-0.00959582,0.05953645,0.02689633
0.450000,0.09325961,0.33921910,0.01221888,-0.07085818,-0.01002070,0.05998690,0.02776192
0.455000,0.09314721,0.34059587,0.01261189,-0.07182692,-0.01045992,0.06045660,0.02864291
0.460000,0.09303905,0.34200938,0.01301352,-0.07283634,-0.01091376,0.06094629,0.02953917
0.465000,0.09293550,0.34346050,0.01342390,-0.07388800,-0.01138248,0.06145677,0.03045055
0.470000,0.09283696,0.34495011,0.01384316,-0.07498354,-0.01186634,0.06198885,0.03137686
0.475000,0.09274384,0.34647913,0.01427140,-0.07612465,-0.01236558,0.06254335,0.03231790
0.480000,0.09265656,0.34804849,0.01470876,-0.07731305,-0.01288042,0.06312114,0.03327342
0.485000,0.09257554,0.34965913,0.01515532,-0.07855051,-0.01341105,0.06372310,0.03424317
0.490000,0.09250124,0.35131202,0.01561120,-0.07983886,-0.01395764,0.06435012,0.03522685
0.495000,0.09243412,0.35300817,0.01607648,-0.08117995,-0.01452036,0.06500314,0.03622413
0.500000,0.09237464,0.35474858,0.01655126,-0.08257569,-0.01509930,0.06568308,0.03723464
0.505000,0.09232329,0.35653427,0.01703559,-0.08402801,-0.01569456,0.06639092,0.03825799
0.510000,0.09228057,0.35836629,0.01752955,-0.08553890,-0.01630617,0.06712764,0.03929374
0.515000,0.09224697,0.36024569,0.01803317,-0.08711034,-0.01693413,0.06789421,0.04034142
0.520000,0.09222303,0.36217353,0.01854649,-0.08874437,-0.01757841,0.06869165,0.04140052
0.525000,0.09220925,0.36415088,0.01906951,-0.09044304,-0.01823890,0.06952096,0.04247049
0.530000,0.09220619,0.36617883,0.01960221,-0.09220840,-0.01891546,0.07038317,0.04355073
0.535000,0.09221436,0.36825844,0.02014457,-0.09404252,-0.01960788,0.07127929,0.04464062
0.540000,0.09223432,0.37039079,0.02069652,-0.09594746,-0.02031590,0.07221035,0.04573947
0.545000,0.09226660,0.37257696,0.02125797,-0.09792529,-0.02103918,0.07317736,0.04684658
0.550000,0.09231177,0.37481800,0.02182881,-0.09997804,-0.02177734,0.07418132,0.04796119
0.555000,0.09237035,0.37711495,0.02240890,-0.10210773,-0.02252989,0.07522323,0.04908251
0.560000,0.09244289,0.37946883,0.02299805,-0.10431633,-0.02329630,0.07630406,0.05020972
0.565000,0.09252992,0.38188065,0.02359605,-0.10660577,-0.02407595,0.07742476,0.05134196
0.570000,0.09263197,0.38435137,0.02420266,-0.10897794,-0.02486816,0.07858624,0.05247832
0.575000,0.09274954,0.38688193,0.02481758,-0.11143462,-0.02567216,0.07978939,0.05361790
0.580000,0.09288313,0.38947320,0.02544052,-0.11397753,-0.02648711,0.08103505,0.05475975
0.585000,0.09303320,0.39212602,0.02607110,-0.11660832,-0.02731209,0.08232402,0.05590290
0.590000,0.09320023,0.39484119,0.02670894,-0.11932848,-0.02814613,0.08365702,0.05704639
0.595000,0.09338462,0.39761942,0.02735363,-0.12213943,-0.02898818,0.08503474,0.05818922
0.600000,0.09358679,0.40046136,0.02800470,-0.12504243,-0.02983713,0.08645779,0.05933041
0.605000,0.09380709,0.40336760,0.02866166,-0.12803861,-0.03069182,0.08792671,0.06046898
0.610000,0.09404586,0.40633863,0.02932402,-0.13112893,-0.03155103,0.08944196,0.06160397
0.615000,0.09430340,0.40937487,0.02999123,-0.13431418,-0.03241353,0.09100391,0.06273442
0.620000,0.09457996,0.41247664,0.03066274,-0.13759498,-0.03327803,0.09261283,0.06385942
0.625000,0.09487576,0.41564416,0.03133797,-0.14097175,-0.03414323,0.09426893,0.06497809
0.630000,0.09519098,0.41887755,0.03201635,-0.14444472,-0.03500782,0.09597227,0.06608957
0.635000,0.09552573,0.42217683,0.03269729,-0.14801388,-0.03587051,0.09772284,0.06719308
0.640000,0.09588011,0.42554190,0.03338021,-0.15167903,-0.03673001,0.09952051,0.06828787
0.645000,0.09625415,0.42897253,0.03406452,-0.15543973,-0.03758506,0.10136502,0.06937328
0.650000,0.09664786,0.43246841,0.03474965,-0.15929530,-0.03843443,0.10325601,0.07044870
0.655000,0.09706118,0.43602908,0.03543507,-0.16324483,-0.03927696,0.10519300,0.07151360
0.660000,0.09749403,0.43965396,0.03612024,-0.16728717,-0.04011153,0.10717539,0.07256752
0.665000,0.09794627,0.44334237,0.03680466,-0.17142093,-0.04093711,0.10920244,0.07361008
0.670000,0.09841774,0.44709348,0.03748788,-0.17564447,-0.04175274,0.11127333,0.07464100
0.675000,0.09890824,0.45090635,0.03816947,-0.17995592,-0.04255755,0.11338707,0.07566007
0.680000,0.09941753,0.45477995,0.03884904,-0.18435319,-0.04335077,0.11554260,0.07666715
0.685000,0.09994534,0.45871309,0.03952627,-0.18883393,-0.04413173,0.11773873,0.07766221
0.690000,0.10049140,0.46270450,0.04020085,-0.19339561,-0.04489986,0.11997414,0.07864527
0.695000,0.10105538,0.46675279,0.04087256,-0.19803547,-0.04565470,0.12224745,0.07961646
0.700000,0.10163696,0.47085649,0.04154120,-0.20275056,-0.04639588,0.12455714,0.08057594
0.705000,0.10223579,0.47501401,0.04220663,-0.20753775,-0.04712317,0.12690163,0.08152399
0.710000,0.10285151,0.47922372,0.04286877,-0.21239376,-0.04783642,0.12927924,0.08246091
0.715000,0.10348377,0.48348387,0.04352757,-0.21731513,-0.04853557,0.13168823,0.08338706
0.720000,0.10413220,0.48779266,0.04418303,-0.22229830,-0.04922066,0.13412680,0.08430288
0.725000,0.10479643,0.49214825,0.04483521,-0.22733959,-0.04989184,0.13659306,0.08520883
0.730000,0.10547608,0.49654873,0.04548421,-0.23243522,-0.05054932,0.13908512,0.08610540
0.735000,0.10617081,0.50099217,0.04613013,-0.23758137,-0.05119337,0.14160103,0.08699314
0.740000,0.10688025,0.50547661,0.04677316,-0.24277414,-0.05182436,0.14413882,0.08787259
0.745000,0.10760405,0.51000006,0.04741348,-0.24800962,-0.05244270,0.14669651,0.08874434
0.750000,0.10834189,0.51456054,0.04805130,-0.25328387,-0.05304883,0.14927210,0.08960897
0.755000,0.10909343,0.51915608,0.04868688,-0.25859298,-0.05364327,0.15186362,0.09046707
0.760000,0.10985836,0.52378470,0.04932046,-0.26393307,-0.05422655,0.15446910,0.09131924
0.765000,0.11063638,0.52844446,0.04995232,-0.26930029,-0.05479922,0.15708660,0.09216607
0.770000,0.11142722,0.53313344,0.05058275,-0.27469085,-0.05536186,0.15971418,0.09300815
0.775000,0.11223059,0.53784976,0.05121203,-0.28010105,-0.05591506,0.16234999,0.09384606
0.780000,0.11304625,0.54259157,0.05184046,-0.28552729,-0.05645941,0.16499219,0.09468036
0.785000,0.11387395,0.54735709,0.05246834,-0.29096604,-0.05699552,0.16763900,0.09551159
0.790000,0.11471348,0.55214458,0.05309597,-0.29641390,-0.05752397,0.17028869,0.09634028
0.795000,0.11556461,0.55695238,0.05372363,-0.30186759,-0.05804534,0.17293959,0.09716694
0.800000,0.11642715,0.56177885,0.05435161,-0.30732395,-0.05856021,0.17559012,0.09799205
0.805000,0.11730093,0.56662245,0.05498020,-0.31277998,-0.05906913,0.17823872,0.09881609
0.810000,0.11818576,0.57148170,0.05560966,-0.31823277,-0.05957263,0.18088394,0.09963949
0.815000,0.11908149,0.57635518,0.05624026,-0.32367960,-0.06007123,0.18352438,0.10046268
0.820000,0.11998797,0.58124155,0.05687225,-0.32911785,-0.06056543,0.18615871,0.10128605
0.825000,0.12090508,0.58613954,0.05750587,-0.33454509,-0.06105570,0.18878570,0.10210997
0.830000,0.12183267,0.59104793,0.05814135,-0.33995899,-0.06154249,0.19140415,0.10293479
0.835000,0.12277065,0.59596559,0.05877890,-0.34535739,-0.06202622,0.19401296,0.10376085
0.840000,0.12371890,0.60089146,0.05941872,-0.35073826,-0.06250730,0.19661108,0.10458846
0.845000,0.12467733,0.60582453,0.06006102,-0.35609970,-0.06298610,0.19919756,0.10541789
0.850000,0.12564584,0.61076387,0.06070597,-0.36143997,-0.06346298,0.20177150,0.10624942
0.855000,0.12662435,0.61570861,0.06135374,-0.36675744,-0.06393827,0.20433204,0.10708330
0.860000,0.12761280,0.62065794,0.06200449,-0.37205060,-0.06441227,0.20687843,0.10791976
0.865000,0.12861110,0.62561111,0.06265836,-0.37731809,-0.06488527,0.20940996,0.10875901
0.870000,0.12961921,0.63056743,0.06331549,-0.38255864,-0.06535754,0.21192596,0.10960124
0.875000,0.13063705,0.63552625,0.06397599,-0.38777112,-0.06582931,0.21442586,0.11044664
0.880000,0.13166458,0.64048700,0.06464000,-0.39295448,-0.06630083,0.21690910,0.11129538
0.885000,0.13270174,0.64544913,0.06530760,-0.39810779,-0.06677229,0.21937520,0.11214761
0.890000,0.13374850,0.65041215,0.06597890,-0.40323022,-0.06724388,0.22182371,0.11300346
0.895000,0.13480481,0.65537563,0.06665398,-0.40832102,-0.06771578,0.22425426,0.11386308
0.900000,0.13587063,0.66033915,0.06733292,-0.41337953,-0.06818815,0.22666648,0.11472657
0.905000,0.13694593,0.66530236,0.06801579,-0.41840518,-0.06866112,0.22906007,0.11559404
0.910000,0.13803067,0.67026492,0.06870266,-0.42339748,-0.06913483,0.23143477,0.11646560
0.915000,0.13912484,0.67522655,0.06939359,-0.42835600,-0.06960940,0.23379033,0.11734132
0.920000,0.14022839,0.68018699,0.07008862,-0.43328038,-0.07008493,0.23612657,0.11822128
0.925000,0.14134131,0.68514600,0.07078780,-0.43817034,-0.07056152,0.23844332,0.11910557
0.930000,0.14246358,0.69010339,0.07149118,-0.44302564,-0.07103924,0.24074044,0.11999424
0.935000,0.14359516,0.69505898,0.07219878,-0.44784611,-0.07151818,0.24301783,0.12088735
0.940000,0.14473604,0.70001262,0.07291063,-0.45263161,-0.07199840,0.24527541,0.12178495
0.945000,0.14588621,0.70496418,0.07362678,-0.45738208,-0.07247995,0.24751311,0.12268709
0.950000,0.14704564,0.70991356,0.07434722,-0.46209747,-0.07296289,0.24973091,0.12359380
0.955000,0.14821432,0.71486065,0.07507200,-0.46677780,-0.07344725,0.25192879,0.12450513
0.960000,0.14939223,0.71980540,0.07580111,-0.47142310,-0.07393309,0.25410676,0.12542110
0.965000,0.15057935,0.72474773,0.07653458,-0.47603345,-0.07442041,0.25626483,0.12634174
0.970000,0.15177568,0.72968762,0.07727240,-0.48060897,-0.07490926,0.25840305,0.12726707
0.975000,0.15298121,0.73462502,0.07801460,-0.48514978,-0.07539964,0.26052147,0.12819712
0.980000,0.15419590,0.73955993,0.07876117,-0.48965605,-0.07589158,0.26262015,0.12913189
0.985000,0.15541977,0.74449232,0.07951212,-0.49412797,-0.07638509,0.26469918,0.13007140
0.990000,0.15665279,0.74942220,0.08026745,-0.49856574,-0.07688017,0.26675863,0.13101566
0.995000,0.15789494,0.75434958,0.08102715,-0.50296959,-0.07737683,0.26879862,0.13196468
1.000000,0.15914623,0.75927447,0.08179122,-0.50733977,-0.07787507,0.27081925,0.13291846
1.005000,0.16040664,0.76419690,0.08255967,-0.51167652,-0.07837489,0.27282063,0.13387701
1.010000,0.16167616,0.76911689,0.08333248,-0.51598011,-0.07887629,0.27480288,0.13484032
1.015000,0.16295477,0.77403447,0.08410964,-0.52025085,-0.07937924,0.27676613,0.13580839
1.020000,0.16424247,0.77894968,0.08489116,-0.52448900,-0.07988376,0.27871053,0.13678123
1.025000,0.16553925,0.78386255,0.08567702,-0.52869488,-0.08038983,0.28063620,0.13775882
1.030000,0.16684509,0.78877312,0.08646721,-0.53286879,-0.08089743,0.28254328,0.13874117
1.035000,0.16815998,0.79368144,0.08726173,-0.53701106,-0.08140655,0.28443193,0.13972826
1.040000,0.16948392,0.79858755,0.08806056,-0.54112198,-0.08191719,0.28630229,0.14072009
1.045000,0.17081689,0.80349150,0.08886369,-0.54520190,-0.08242931,0.28815451,0.14171664
1.050000,0.17215888,0.80839331,0.08967111,-0.54925114,-0.08294291,0.28998875,0.14271792
1.055000,0.17350987,0.81329305,0.09048281,-0.55327003,-0.08345796,0.29180515,0.14372390
1.060000,0.17486987,0.81819075,0.09129877,-0.55725889,-0.08397446,0.29360389,0.14473458
1.065000,0.17623885,0.82308646,0.09211899,-0.56121805,-0.08449237,0.29538510,0.14574994
1.070000,0.17761680,0.82798021,0.09294345,-0.56514785,-0.08501168,0.29714894,0.14676997
1.075000,0.17900372,0.83287205,0.09377214,-0.56904862,-0.08553237,0.29889558,0.14779465
1.080000,0.18039958,0.83776201,0.09460504,-0.57292068,-0.08605442,0.30062516,0.14882398
1.085000,0.18180438,0.84265013,0.09544214,-0.57676436,-0.08657781,0.30233785,0.14985794
1.090000,0.18321810,0.84753644,0.09628343,-0.58057999,-0.08710251,0.30403379,0.15089651
1.095000,0.18464073,0.85242097,0.09712890,-0.58436787,-0.08762851,0.30571313,0.15193968
1.100000,0.18607225,0.85730375,0.09797852,-0.58812835,-0.08815578,0.30737604,0.15298743
1.105000,0.18751265,0.86218481,0.09883229,-0.59186171,-0.08868431,0.30902266,0.15403974
1.110000,0.18896192,0.86706416,0.09969020,-0.59556829,-0.08921407,0.31065314,0.15509661
1.115000,0.19042003,0.87194183,0.10055223,-0.59924838,-0.08974504,0.31226762,0.15615801
1.120000,0.19188698,0.87681783,0.10141836,-0.60290228,-0.09027720,0.31386625,0.15722392
1.125000,0.19336274,0.88169217,0.10228859,-0.60653030,-0.09081052,0.31544918,0.15829433
1.130000,0.19484730,0.88656486,0.10316289,-0.61013272,-0.09134500,0.31701654,0.15936923
1.135000,0.19634065,0.89143591,0.10404127,-0.61370984,-0.09188060,0.31856848,0.16044859
1.140000,0.19784276,0.89630532,0.10492369,-0.61726193,-0.09241731,0.32010513,0.16153240
1.145000,0.19935362,0.90117309,0.10581016,-0.62078927,-0.09295510,0.32162662,0.16262064
1.150000,0.20087320,0.90603921,0.10670066,-0.62429215,-0.09349396,0.32313309,0.16371329
1.155000,0.20240150,0.91090366,0.10759516,-0.62777081,-0.09403387,0.32462467,0.16481034
1.160000,0.20393849,0.91576645,0.10849367,-0.63122552,-0.09457480,0.32610148,0.16591177
1.165000,0.20548414,0.92062755,0.10939617,-0.63465655,-0.09511675,0.32756365,0.16701756
1.170000,0.20703844,0.92548694,0.11030264,-0.63806414,-0.09565968,0.32901130,0.16812770
1.175000,0.20860137,0.93034460,0.11121308,-0.64144852,-0.09620358,0.33044456,0.16924216
1.180000,0.21017291,0.93520050,0.11212746,-0.64480996,-0.09674843,0.33186354,0.17036093
1.185000,0.21175302,0.94005460,0.11304579,-0.64814867,-0.09729422,0.33326836,0.17148399
1.190000,0.21334170,0.94490688,0.11396803,-0.65146488,-0.09784093,0.33465912,0.17261132
1.195000,0.21493891,0.94975729,0.11489419,-0.65475883,-0.09838854,0.33603595,0.17374291
1.200000,0.21654464,0.95460580,0.11582425,-0.65803071,-0.09893703,0.33739894,0.17487874
1.205000,0.21815885,0.95945235,0.11675820,-0.66128076,-0.09948639,0.33874821,0.17601879
1.210000,0.21978152,0.96429689,0.11769602,-0.66450916,-0.10003660,0.34008386,0.17716305
1.215000,0.22141263,0.96913938,0.11863770,-0.66771613,-0.10058764,0.34140599,0.17831149
1.220000,0.22305215,0.97397975,0.11958324,-0.67090185,-0.10113951,0.34271470,0.17946410
1.225000,0.22470005,0.97881794,0.12053261,-0.67406653,-0.10169218,0.34401008,0.18062086
1.230000,0.22635630,0.98365390,0.12148581,-0.67721034,-0.10224564,0.34529224,0.18178176
1.235000,0.22802087,0.98848755,0.12244282,-0.68033346,-0.10279987,0.34656126,0.18294678
1.240000,0.22969375,0.99331883,0.12340363,-0.68343606,-0.10335487,0.34781723,0.18411590
1.245000,0.23137488,0.99814765,0.12436822,-0.68651833,-0.10391062,0.34906025,0.18528909
1.250000,0.23306426,1.00297395,0.12533660,-0.68958041,-0.10446710,0.35029039,0.18646636
1.255000,0.23476183,1.00779764,0.12630873,-0.69262248,-0.10502430,0.35150775,0.18764767
1.260000,0.23646758,1.01261864,0.12728462,-0.69564469,-0.10558221,0.35271241,0.18883302
1.265000,0.23818147,1.01743686,0.12826425,-0.69864718,-0.10614082,0.35390444,0.19002238
1.270000,0.23990346,1.02225222,0.12924760,-0.70163011,-0.10670012,0.35508392,0.19121574
1.275000,0.24163352,1.02706462,0.13023466,-0.70459361,-0.10726009,0.35625094,0.19241308
1.280000,0.24337162,1.03187397,0.13122542,-0.70753783,-0.10782072,0.35740557,0.19361438
1.285000,0.24511773,1.03668016,0.13221987,-0.71046289,-0.10838200,0.35854787,0.19481962
1.290000,0.24687179,1.04148311,0.13321799,-0.71336893,-0.10894392,0.35967793,0.19602880
1.295000,0.24863379,1.04628270,0.13421977,-0.71625606,-0.10950647,0.36079582,0.19724189
1.300000,0.25040368,1.05107883,0.13522520,-0.71912442,-0.11006964,0.36190159,0.19845887
1.305000,0.25218141,1.05587139,0.13623426,-0.72197411,-0.11063341,0.36299533,0.19967972
1.310000,0.25396697,1.06066028,0.13724693,-0.72480525,-0.11119779,0.36407708,0.20090444
1.315000,0.25576029,1.06544536,0.13826322,-0.72761795,-0.11176276,0.36514693,0.20213300
1.320000,0.25756135,1.07022654,0.13928309,-0.73041231,-0.11232831,0.36620493,0.20336538
1.325000,0.25937010,1.07500369,0.14030654,-0.73318844,-0.11289443,0.36725115,0.20460157
1.330000,0.26118650,1.07977669,0.14133355,-0.73594643,-0.11346111,0.36828564,0.20584155
1.335000,0.26301051,1.08454542,0.14236411,-0.73868638,-0.11402835,0.36930846,0.20708530
1.340000,0.26484207,1.08930976,0.14339820,-0.74140838,-0.11459613,0.37031968,0.20833280
1.345000,0.26668116,1.09406957,0.14443580,-0.74411253,-0.11516445,0.37131934,0.20958404
1.350000,0.26852772,1.09882473,0.14547691,-0.74679890,-0.11573331,0.37230751,0.21083899
1.355000,0.27038171,1.10357510,0.14652150,-0.74946758,-0.11630268,0.37328425,0.21209765
1.360000,0.27224307,1.10832056,0.14756956,-0.75211864,-0.11687257,0.37424959,0.21335998
1.365000,0.27411177,1.11306097,0.14862108,-0.75475218,-0.11744297,0.37520361,0.21462598
1.370000,0.27598775,1.11779619,0.14967603,-0.75736825,-0.11801387,0.37614634,0.21589562
1.375000,0.27787097,1.12252609,0.15073440,-0.75996694,-0.11858526,0.37707785,0.21716888
1.380000,0.27976137,1.12725052,0.15179616,-0.76254830,-0.11915714,0.37799817,0.21844575
1.385000,0.28165891,1.13196934,0.15286132,-0.76511241,-0.11972950,0.37890737,0.21972621
1.390000,0.28356353,1.13668241,0.15392984,-0.76765934,-0.12030234,0.37980549,0.22101023
1.395000,0.28547517,1.14138959,0.15500170,-0.77018914,-0.12087564,0.38069258,0.22229780
1.400000,0.28739379,1.14609072,0.15607690,-0.77270187,-0.12144941,0.38156869,0.22358890
1.405000,0.28931934,1.15078567,0.15715540,-0.77519760,-0.12202363,0.38243387,0.22488351
1.410000,0.29125175,1.15547428,0.15823720,-0.77767637,-0.12259830,0.38328815,0.22618160
1.415000,0.29319097,1.16015640,0.15932226,-0.78013825,-0.12317341,0.38413160,0.22748315
1.420000,0.29513694,1.16483189,0.16041057,-0.78258328,-0.12374896,0.38496425,0.22878816
1.425000,0.29708961,1.16950058,0.16150212,-0.78501151,-0.12432495,0.38578615,0.23009658
1.430000,0.29904892,1.17416233,0.16259687,-0.78742299,-0.12490136,0.38659735,0.23140841
1.435000,0.30101481,1.17881698,0.16369481,-0.78981777,-0.12547819,0.38739789,0.23272362
1.440000,0.30298721,1.18346438,0.16479591,-0.79219590,-0.12605544,0.38818781,0.23404219
1.445000,0.30496607,1.18810437,0.16590015,-0.79455741,-0.12663310,0.38896716,0.23536410
1.450000,0.30695132,1.19273679,0.16700752,-0.79690236,-0.12721117,0.38973599,0.23668931
1.455000,0.30894291,1.19736148,0.16811798,-0.79923077,-0.12778963,0.39049433,0.23801782
1.460000,0.31094076,1.20197829,0.16923151,-0.80154270,-0.12836849,0.39124224,0.23934960
1.465000,0.31294481,1.20658705,0.17034809,-0.80383817,-0.12894775,0.39197975,0.24068461
1.470000,0.31495500,1.21118761,0.17146769,-0.80611723,-0.12952738,0.39270691,0.24202285
1.475000,0.31697127,1.21577980,0.17259029,-0.80837992,-0.13010740,0.39342376,0.24336428
1.480000,0.31899353,1.22036347,0.17371587,-0.81062626,-0.13068779,0.39413035,0.24470888
1.485000,0.32102173,1.22493845,0.17484438,-0.81285629,-0.13126856,0.39482671,0.24605662
1.490000,0.32305579,1.22950457,0.17597582,-0.81507005,-0.13184969,0.39551290,0.24740748
1.495000,0.32509565,1.23406169,0.17711015,-0.81726757,-0.13243117,0.39618896,0.24876143
1.500000,0.32714123,1.23860962,0.17824735,-0.81944888,-0.13301302,0.39685492,0.25011844
1.505000,0.32919247,1.24314822,0.17938738,-0.82161400,-0.13359521,0.39751084,0.25147849
1.510000,0.33124928,1.24767731,0.18053021,-0.82376298,-0.13417775,0.39815675,0.25284155
1.515000,0.33331160,1.25219674,0.18167582,-0.82589585,-0.13476064,0.39879270,0.25420760
1.520000,0.33537934,1.25670633,0.18282418,-0.82801262,-0.13534385,0.39941874,0.25557659
1.525000,0.33745244,1.26120593,0.18397526,-0.83011333,-0.13592740,0.40003491,0.25694850
1.530000,0.33953082,1.26569537,0.18512902,-0.83219801,-0.13651127,0.40064125,0.25832331
1.535000,0.34161440,1.27017448,0.18628544,-0.83426669,-0.13709546,0.40123781,0.25970098
1.540000,0.34370310,1.27464311,0.18744448,-0.83631939,-0.13767996,0.40182464,0.26108148
1.545000,0.34579684,1.27910108,0.18860610,-0.83835614,-0.13826478,0.40240177,0.26246479
1.550000,0.34789554,1.28354824,0.18977028,-0.84037698,-0.13884990,0.40296926,0.26385086
1.555000,0.34999912,1.28798442,0.19093699,-0.84238192,-0.13943531,0.40352715,0.26523966
1.560000,0.35210750,1.29240945,0.19210617,-0.84437099,-0.14002102,0.40407548,0.26663117
1.565000,0.35422059,1.29682318,0.19327781,-0.84634422,-0.14060702,0.40461431,0.26802534
1.570000,0.35633831,1.30122544,0.19445187,-0.84830164,-0.14119330,0.40514368,0.26942215
1.575000,0.35846058,1.30561607,0.19562830,-0.85024328,-0.14177985,0.40566363,0.27082156
1.580000,0.36058730,1.30999490,0.19680708,-0.85216916,-0.14236667,0.40617422,0.27222353
1.585000,0.36271840,1.31436178,0.19798816,-0.85407930,-0.14295376,0.40667550,0.27362802
1.590000,0.36485377,1.31871654,0.19917150,-0.85597374,-0.14354110,0.40716750,0.27503501
1.595000,0.36699334,1.32305902,0.20035707,-0.85785251,-0.14412869,0.40765029,0.27644445
1.600000,0.36913702,1.32738906,0.20154483,-0.85971562,-0.14471653,0.40812391,0.27785630
1.605000,0.37128471,1.33170651,0.20273474,-0.86156312,-0.14530460,0.40858841,0.27927052
1.610000,0.37343632,1.33601119,0.20392675,-0.86339502,-0.14589291,0.40904383,0.28068708
1.615000,0.37559175,1.34030297,0.20512083,-0.86521135,-0.14648144,0.40949024,0.28210594
1.620000,0.37775093,1.34458167,0.20631693,-0.86701216,-0.14707018,0.40992769,0.28352704
1.625000,0.37991374,1.34884714,0.20751501,-0.86879745,-0.14765914,0.41035621,0.28495036
1.630000,0.38208010,1.35309922,0.20871502,-0.87056727,-0.14824829,0.41077588,0.28637585
1.635000,0.38424990,1.35733776,0.20991693,-0.87232164,-0.14883764,0.41118673,0.28780346
1.640000,0.38642306,1.36156261,0.21112069,-0.87406060,-0.14942718,0.41158882,0.28923315
1.645000,0.38859946,1.36577361,0.21232625,-0.87578417,-0.15001690,0.41198222,0.29066488
1.650000,0.39077902,1.36997061,0.21353356,-0.87749239,-0.15060678,0.41236696,0.29209860
1.655000,0.39296163,1.37415345,0.21474259,-0.87918529,-0.15119683,0.41274311,0.29353427
1.660000,0.39514720,1.37832199,0.21595328,-0.88086291,-0.15178703,0.41311072,0.29497183
1.665000,0.39733561,1.38247608,0.21716558,-0.88252526,-0.15237738,0.41346985,0.29641124
1.670000,0.39952677,1.38661557,0.21837945,-0.88417240,-0.15296786,0.41382055,0.29785245
1.675000,0.40172056,1.39074030,0.21959484,-0.88580435,-0.15355846,0.41416288,0.29929542
1.680000,0.40391690,1.39485014,0.22081169,-0.88742116,-0.15414918,0.41449690,0.30074008
1.685000,0.40611567,1.39894495,0.22202997,-0.88902284,-0.15474001,0.41482266,0.30218640
1.690000,0.40831676,1.40302456,0.22324961,-0.89060946,-0.15533094,0.41514023,0.30363431
1.695000,0.41052007,1.40708885,0.22447056,-0.89218103,-0.15592195,0.41544966,0.30508377
1.700000,0.41272549,1.41113768,0.22569278,-0.89373760,-0.15651304,0.41575102,0.30653472
1.705000,0.41493291,1.41517089,0.22691620,-0.89527921,-0.15710419,0.41604435,0.30798711
1.710000,0.41714221,1.41918836,0.22814079,-0.89680590,-0.15769540,0.41632974,0.30944088
1.715000,0.41935330,1.42318994,0.22936647,-0.89831771,-0.15828665,0.41660722,0.31089598
1.720000,0.42156605,1.42717550,0.23059320,-0.89981467,-0.15887793,0.41687688,0.31235235
1.725000,0.42378035,1.43114491,0.23182092,-0.90129684,-0.15946924,0.41713876,0.31380993
1.730000,0.42599609,1.43509803,0.23304958,-0.90276426,-0.16006054,0.41739294,0.31526867
1.735000,0.42821316,1.43903472,0.23427911,-0.90421697,-0.16065185,0.41763947,0.31672850
1.740000,0.43043144,1.44295487,0.23550947,-0.90565501,-0.16124313,0.41787842,0.31818937
1.745000,0.43265081,1.44685834,0.23674059,-0.90707843,-0.16183439,0.41810985,0.31965121
1.750000,0.43487116,1.45074500,0.23797241,-0.90848728,-0.16242560,0.41833383,0.32111396
1.755000,0.43709236,1.45461473,0.23920488,-0.90988161,-0.16301676,0.41855042,0.32257757
1.760000,0.43931431,1.45846740,0.24043794,-0.91126145,-0.16360784,0.41875969,0.32404196
1.765000,0.44153688,1.46230289,0.24167152,-0.91262688,-0.16419884,0.41896171,0.32550707
1.770000,0.44375995,1.46612108,0.24290557,-0.91397792,-0.16478973,0.41915653,0.32697285
1.775000,0.44598339,1.46992185,0.24414002,-0.91531464,-0.16538052,0.41934424,0.32843921
1.780000,0.44820710,1.47370508,0.24537482,-0.91663709,-0.16597117,0.41952489,0.32990610
1.785000,0.45043094,1.47747066,0.24660989,-0.91794531,-0.16656168,0.41969856,0.33137345
1.790000,0.45265480,1.48121847,0.24784517,-0.91923937,-0.16715202,0.41986530,0.33284119
1.795000,0.45487854,1.48494840,0.24908061,-0.92051932,-0.16774219,0.42002520,0.33430925
1.800000,0.45710205,1.48866033,0.25031614,-0.92178521,-0.16833216,0.42017832,0.33577756
1.805000,0.45932519,1.49235417,0.25155169,-0.92303710,-0.16892193,0.42032473,0.33724605
1.810000,0.46154785,1.49602979,0.25278720,-0.92427505,-0.16951146,0.42046450,0.33871465
1.815000,0.46376989,1.49968711,0.25402260,-0.92549912,-0.17010075,0.42059770,0.34018328
1.820000,0.46599120,1.50332600,0.25525782,-0.92670937,-0.17068978,0.42072440,0.34165188
1.825000,0.46821163,1.50694637,0.25649280,-0.92790585,-0.17127853,0.42084468,0.34312037
1.830000,0.47043106,1.51054813,0.25772748,-0.92908863,-0.17186697,0.42095859,0.34458867
1.835000,0.47264937,1.51413116,0.25896178,-0.93025777,-0.17245510,0.42106623,0.34605672
1.840000,0.47486642,1.51769538,0.26019563,-0.93141334,-0.17304289,0.42116765,0.34752442
1.845000,0.47708209,1.52124069,0.26142896,-0.93255539,-0.17363032,0.42126293,0.34899172
1.850000,0.47929623,1.52476699,0.26266172,-0.93368399,-0.17421737,0.42135214,0.35045852
1.855000,0.48150872,1.52827420,0.26389382,-0.93479922,-0.17480402,0.42143536,0.35192476
1.860000,0.48371943,1.53176222,0.26512519,-0.93590113,-0.17539026,0.42151266,0.35339034
1.865000,0.48592823,1.53523098,0.26635577,-0.93698979,-0.17597605,0.42158411,0.35485520
1.870000,0.48813498,1.53868037,0.26758549,-0.93806527,-0.17656139,0.42164978,0.35631925
1.875000,0.49033954,1.54211033,0.26881427,-0.93912765,-0.17714624,0.42170976,0.35778241
1.880000,0.49254179,1.54552077,0.27004203,-0.94017698,-0.17773058,0.42176411,0.35924459
1.885000,0.49474159,1.54891161,0.27126872,-0.94121335,-0.17831440,0.42181292,0.36070572
1.890000,0.49693880,1.55228276,0.27249425,-0.94223682,-0.17889767,0.42185624,0.36216572
1.895000,0.49913328,1.55563417,0.27371856,-0.94324746,-0.17948036,0.42189417,0.36362449
1.900000,0.50132491,1.55896574,0.27494156,-0.94424536,-0.18006246,0.42192676,0.36508196
1.905000,0.50351355,1.56227742,0.27616318,-0.94523058,-0.18064393,0.42195411,0.36653803
1.910000,0.50569906,1.56556913,0.27738336,-0.94620320,-0.18122476,0.42197628,0.36799263
1.915000,0.50788129,1.56884080,0.27860201,-0.94716329,-0.18180492,0.42199335,0.36944567
1.920000,0.51006013,1.57209237,0.27981906,-0.94811094,-0.18238438,0.42200540,0.37089705
1.925000,0.51223542,1.57532377,0.28103443,-0.94904621,-0.18296312,0.42201249,0.37234670
1.930000,0.51440702,1.57853494,0.28224806,-0.94996920,-0.18354111,0.42201472,0.37379452
1.935000,0.51657481,1.58172582,0.28345985,-0.95087997,-0.18411833,0.42201214,0.37524042
1.940000,0.51873864,1.58489636,0.28466975,-0.95177860,-0.18469475,0.42200485,0.37668432
1.945000,0.52089838,1.58804650,0.28587766,-0.95266518,-0.18527034,0.42199291,0.37812613
1.950000,0.52305387,1.59117618,0.28708352,-0.95353979,-0.18584508,0.42197640,0.37956575
1.955000,0.52520500,1.59428535,0.28828724,-0.95440251,-0.18641894,0.42195539,0.38100310
1.960000,0.52735161,1.59737396,0.28948876,-0.95525341,-0.18699188,0.42192997,0.38243808
1.965000,0.52949356,1.60044197,0.29068798,-0.95609260,-0.18756389,0.42190021,0.38387061
1.970000,0.53163073,1.60348932,0.29188484,-0.95692014,-0.18813494,0.42186618,0.38530058
1.975000,0.53376296,1.60651598,0.29307925,-0.95773612,-0.18870499,0.42182796,0.38672792
1.980000,0.53589011,1.60952190,0.29427115,-0.95854063,-0.18927401,0.42178563,0.38815252
1.985000,0.53801206,1.61250704,0.29546044,-0.95933375,-0.18984198,0.42173926,0.38957429
1.990000,0.54012865,1.61547137,0.29664705,-0.96011557,-0.19040887,0.42168893,0.39099314
1.995000,0.54223975,1.61841485,0.29783091,-0.96088618,-0.19097464,0.42163471,0.39240898
2.000000,0.54434523,1.62133744,0.29901192,-0.96164565,-0.19153927,0.42157668,0.39382171
2.005000,0.54644493,1.62423911,0.30019003,-0.96239409,-0.19210273,0.42151492,0.39523123
2.010000,0.54853872,1.62711983,0.30136514,-0.96313158,-0.19266497,0.42144949,0.39663746
2.015000,0.55062645,1.62997957,0.30253718,-0.96385820,-0.19322598,0.42138049,0.39804029
2.020000,0.55270800,1.63281831,0.30370606,-0.96457405,-0.19378572,0.42130797,0.39943964
2.025000,0.55478323,1.63563603,0.30487172,-0.96527921,-0.19434416,0.42123202,0.40083540
2.030000,0.55685198,1.63843269,0.30603406,-0.96597378,-0.19490126,0.42115271,0.40222748
2.035000,0.55891413,1.64120829,0.30719302,-0.96665785,-0.19545700,0.42107011,0.40361579
2.040000,0.56096953,1.64396279,0.30834850,-0.96733150,-0.19601133,0.42098430,0.40500023
2.045000,0.56301806,1.64669619,0.30950044,-0.96799483,-0.19656424,0.42089536,0.40638070
2.050000,0.56505956,1.64940847,0.31064876,-0.96864793,-0.19711568,0.42080335,0.40775711
2.055000,0.56709390,1.65209962,0.31179336,-0.96929089,-0.19766562,0.42070835,0.40912936
2.060000,0.56912094,1.65476962,0.31293419,-0.96992381,-0.19821403,0.42061044,0.41049736
2.065000,0.57114056,1.65741847,0.31407115,-0.97054677,-0.19876087,0.42050969,0.41186101
2.070000,0.57315260,1.66004615,0.31520416,-0.97115987,-0.19930611,0.42040616,0.41322020
2.075000,0.57515694,1.66265268,0.31633316,-0.97176320,-0.19984971,0.42029994,0.41457486
2.080000,0.57715344,1.66523803,0.31745806,-0.97235686,-0.20039165,0.42019109,0.41592488
2.085000,0.57914197,1.66780221,0.31857878,-0.97294094,-0.20093188,0.42007969,0.41727016
2.090000,0.58112238,1.67034522,0.31969524,-0.97351553,-0.20147037,0.41996581,0.41861061
2.095000,0.58309455,1.67286706,0.32080737,-0.97408073,-0.20200708,0.41984952,0.41994614
2.100000,0.58505835,1.67536774,0.32191508,-0.97463663,-0.20254198,0.41973089,0.42127664
2.105000,0.58701363,1.67784726,0.32301831,-0.97518333,-0.20307504,0.41960999,0.42260203
2.110000,0.58896027,1.68030562,0.32411697,-0.97572092,-0.20360622,0.41948689,0.42392220
2.115000,0.59089814,1.68274284,0.32521099,-0.97624949,-0.20413548,0.41936167,0.42523706
2.120000,0.59282710,1.68515893,0.32630028,-0.97676914,-0.20466278,0.41923438,0.42654653
2.125000,0.59474703,1.68755389,0.32738478,-0.97727997,-0.20518810,0.41910511,0.42785049
2.130000,0.59665780,1.68992775,0.32846440,-0.97778207,-0.20571139,0.41897391,0.42914887
2.135000,0.59855927,1.69228053,0.32953907,-0.97827553,-0.20623263,0.41884086,0.43044156
2.140000,0.60045132,1.69461222,0.33060872,-0.97876045,-0.20675176,0.41870602,0.43172848
2.145000,0.60233383,1.69692287,0.33167326,-0.97923692,-0.20726876,0.41856947,0.43300952
2.150000,0.60420666,1.69921248,0.33273263,-0.97970505,-0.20778359,0.41843126,0.43428460
2.155000,0.60606970,1.70148108,0.33378675,-0.98016492,-0.20829622,0.41829147,0.43555363
2.160000,0.60792282,1.70372870,0.33483555,-0.98061662,-0.20880660,0.41815016,0.43681650
2.165000,0.60976589,1.70595536,0.33587895,-0.98106027,-0.20931470,0.41800740,0.43807314
2.170000,0.61159879,1.70816108,0.33691687,-0.98149594,-0.20982049,0.41786325,0.43932345
2.175000,0.61342141,1.71034591,0.33794926,-0.98192373,-0.21032393,0.41771777,0.44056735
2.180000,0.61523362,1.71250986,0.33897603,-0.98234375,-0.21082498,0.41757103,0.44180473
2.185000,0.61703530,1.71465296,0.33999711,-0.98275607,-0.21132360,0.41742310,0.44303551
2.190000,0.61882634,1.71677527,0.34101243,-0.98316080,-0.21181977,0.41727403,0.44425961
2.195000,0.62060661,1.71887680,0.34202192,-0.98355804,-0.21231343,0.41712389,0.44547694
2.200000,0.62237601,1.72095759,0.34302552,-0.98394786,-0.21280457,0.41697274,0.44668740
2.205000,0.62413442,1.72301769,0.34402314,-0.98433038,-0.21329313,0.41682064,0.44789092
2.210000,0.62588173,1.72505713,0.34501473,-0.98470567,-0.21377909,0.41666765,0.44908741
2.215000,0.62761782,1.72707595,0.34600021,-0.98507384,-0.21426241,0.41651383,0.45027678
2.220000,0.62934258,1.72907420,0.34697952,-0.98543498,-0.21474305,0.41635925,0.45145895
2.225000,0.63105591,1.73105192,0.34795260,-0.98578918,-0.21522098,0.41620395,0.45263383
2.230000,0.63275770,1.73300915,0.34891936,-0.98613653,-0.21569616,0.41604801,0.45380135
2.235000,0.63444784,1.73494595,0.34987975,-0.98647712,-0.21616856,0.41589147,0.45496142
2.240000,0.63612622,1.73686236,0.35083371,-0.98681105,-0.21663814,0.41573439,0.45611396
2.245000,0.63779274,1.73875842,0.35178117,-0.98713840,-0.21710487,0.41557684,0.45725889
2.250000,0.63944731,1.74063420,0.35272206,-0.98745928,-0.21756871,0.41541885,0.45839613
2.255000,0.64108982,1.74248974,0.35365633,-0.98777376,-0.21802963,0.41526051,0.45952561
2.260000,0.64272016,1.74432509,0.35458391,-0.98808194,-0.21848759,0.41510184,0.46064725
2.265000,0.64433826,1.74614032,0.35550475,-0.98838391,-0.21894256,0.41494292,0.46176097
2.270000,0.64594399,1.74793547,0.35641877,-0.98867976,-0.21939451,0.41478379,0.46286670
2.275000,0.64753729,1.74971060,0.35732593,-0.98896957,-0.21984341,0.41462450,0.46396436
2.280000,0.64911804,1.75146578,0.35822616,-0.98925343,-0.22028921,0.41446511,0.46505389
2.285000,0.65068616,1.75320106,0.35911941,-0.98953144,-0.22073189,0.41430567,0.46613520
2.290000,0.65224156,1.75491650,0.36000562,-0.98980368,-0.22117141,0.41414623,0.46720824
2.295000,0.65378416,1.75661216,0.36088474,-0.99007024,-0.22160774,0.41398684,0.46827292
2.300000,0.65531386,1.75828811,0.36175670,-0.99033119,-0.22204086,0.41382755,0.46932919
2.305000,0.65683059,1.75994441,0.36262146,-0.99058664,-0.22247073,0.41366841,0.47037697
2.310000,0.65833426,1.76158113,0.36347897,-0.99083666,-0.22289731,0.41350946,0.47141620
2.315000,0.65982479,1.76319833,0.36432917,-0.99108134,-0.22332058,0.41335076,0.47244682
2.320000,0.66130210,1.76479608,0.36517201,-0.99132076,-0.22374051,0.41319234,0.47346876
2.325000,0.66276612,1.76637446,0.36600745,-0.99155501,-0.22415706,0.41303426,0.47448196
2.330000,0.66421676,1.76793352,0.36683543,-0.99178416,-0.22457022,0.41287656,0.47548636
2.335000,0.66565397,1.76947334,0.36765591,-0.99200831,-0.22497994,0.41271928,0.47648190
2.340000,0.66707767,1.77099400,0.36846883,-0.99222753,-0.22538620,0.41256247,0.47746853
2.345000,0.66848778,1.77249556,0.36927416,-0.99244190,-0.22578898,0.41240618,0.47844619
2.350000,0.66988424,1.77397810,0.37007186,-0.99265151,-0.22618824,0.41225043,0.47941481
2.355000,0.67126700,1.77544170,0.37086187,-0.99285643,-0.22658396,0.41209528,0.48037436
2.360000,0.67263597,1.77688643,0.37164416,-0.99305675,-0.22697611,0.41194077,0.48132477
2.365000,0.67399111,1.77831236,0.37241868,-0.99325253,-0.22736466,0.41178693,0.48226600
2.370000,0.67533236,1.77971958,0.37318540,-0.99344387,-0.22774960,0.41163381,0.48319799
2.375000,0.67665965,1.78110816,0.37394428,-0.99363083,-0.22813089,0.41148144,0.48412071
2.380000,0.67797294,1.78247819,0.37469528,-0.99381349,-0.22850851,0.41132986,0.48503410
2.385000,0.67927217,1.78382974,0.37543837,-0.99399193,-0.22888244,0.41117912,0.48593811
2.390000,0.68055730,1.78516291,0.37617351,-0.99416622,-0.22925265,0.41102923,0.48683272
2.395000,0.68182826,1.78647776,0.37690066,-0.99433644,-0.22961913,0.41088025,0.48771786
2.400000,0.68308503,1.78777438,0.37761980,-0.99450266,-0.22998184,0.41073220,0.48859352
2.405000,0.68432755,1.78905286,0.37833090,-0.99466495,-0.23034078,0.41058512,0.48945963
2.410000,0.68555579,1.79031328,0.37903392,-0.99482338,-0.23069591,0.41043904,0.49031618
2.415000,0.68676971,1.79155573,0.37972885,-0.99497803,-0.23104721,0.41029400,0.49116313
2.420000,0.68796926,1.79278030,0.38041564,-0.99512896,-0.23139468,0.41015002,0.49200043
2.425000,0.68915442,1.79398708,0.38109428,-0.99527625,-0.23173829,0.41000714,0.49282807
2.430000,0.69032515,1.79517614,0.38176474,-0.99541996,-0.23207801,0.40986539,0.49364600
2.435000,0.69148143,1.79634759,0.38242700,-0.99556016,-0.23241385,0.40972480,0.49445421
2.440000,0.69262323,1.79750151,0.38308104,-0.99569692,-0.23274577,0.40958539,0.49525267
2.445000,0.69375052,1.79863799,0.38372684,-0.99583030,-0.23307376,0.40944719,0.49604134
2.450000,0.69486328,1.79975713,0.38436439,-0.99596038,-0.23339781,0.40931024,0.49682022
2.455000,0.69596149,1.80085902,0.38499365,-0.99608720,-0.23371790,0.40917455,0.49758927
2.460000,0.69704514,1.80194376,0.38561463,-0.99621084,-0.23403402,0.40904016,0.49834848
2.465000,0.69811420,1.80301143,0.38622730,-0.99633137,-0.23434616,0.40890709,0.49909783
2.470000,0.69916867,1.80406213,0.38683165,-0.99644883,-0.23465430,0.40877535,0.49983730
2.475000,0.70020855,1.80509596,0.38742767,-0.99656330,-0.23495844,0.40864498,0.50056689
2.480000,0.70123381,1.80611302,0.38801536,-0.99667484,-0.23525855,0.40851600,0.50128657
2.485000,0.70224445,1.80711340,0.38859470,-0.99678349,-0.23555464,0.40838843,0.50199634
2.490000,0.70324048,1.80809720,0.38916569,-0.99688933,-0.23584670,0.40826229,0.50269620
2.495000,0.70422190,1.80906453,0.38972833,-0.99699241,-0.23613471,0.40813760,0.50338612
2.500000,0.70518870,1.81001547,0.39028260,-0.99709279,-0.23641867,0.40801438,0.50406612
2.505000,0.70614089,1.81095014,0.39082851,-0.99719052,-0.23669857,0.40789264,0.50473618
2.510000,0.70707848,1.81186864,0.39136606,-0.99728566,-0.23697440,0.40777242,0.50539631
2.515000,0.70800149,1.81277106,0.39189525,-0.99737826,-0.23724617,0.40765371,0.50604651
2.520000,0.70890992,1.81365751,0.39241609,-0.99746838,-0.23751387,0.40753655,0.50668677
2.525000,0.70980379,1.81452809,0.39292857,-0.99755607,-0.23777749,0.40742094,0.50731711
2.530000,0.71068312,1.81538291,0.39343270,-0.99764138,-0.23803704,0.40730691,0.50793753
2.535000,0.71154793,1.81622208,0.39392850,-0.99772436,-0.23829251,0.40719445,0.50854805
2.540000,0.71239825,1.81704570,0.39441596,-0.99780507,-0.23854390,0.40708360,0.50914866
2.545000,0.71323410,1.81785388,0.39489511,-0.99788355,-0.23879121,0.40697435,0.50973940
2.550000,0.71405551,1.81864672,0.39536596,-0.99795985,-0.23903444,0.40686673,0.51032026
2.555000,0.71486251,1.81942434,0.39582851,-0.99803402,-0.23927360,0.40676073,0.51089126
2.560000,0.71565514,1.82018685,0.39628279,-0.99810610,-0.23950869,0.40665639,0.51145244
2.565000,0.71643344,1.82093435,0.39672881,-0.99817615,-0.23973972,0.40655369,0.51200380
2.570000,0.71719744,1.82166696,0.39716659,-0.99824420,-0.23996668,0.40645265,0.51254536
2.575000,0.71794719,1.82238479,0.39759616,-0.99831031,-0.24018958,0.40635329,0.51307717
2.580000,0.71868274,1.82308795,0.39801753,-0.99837451,-0.24040844,0.40625560,0.51359923
2.585000,0.71940413,1.82377656,0.39843073,-0.99843685,-0.24062326,0.40615959,0.51411158
2.590000,0.72011141,1.82445073,0.39883579,-0.99849737,-0.24083405,0.40606527,0.51461425
2.595000,0.72080464,1.82511058,0.39923273,-0.99855612,-0.24104081,0.40597265,0.51510728
2.600000,0.72148388,1.82575623,0.39962159,-0.99861312,-0.24124356,0.40588172,0.51559070
2.605000,0.72214919,1.82638778,0.40000239,-0.99866843,-0.24144232,0.40579249,0.51606454
2.610000,0.72280062,1.82700537,0.40037517,-0.99872208,-0.24163708,0.40570497,0.51652884
2.615000,0.72343825,1.82760911,0.40073996,-0.99877410,-0.24182788,0.40561916,0.51698365
2.620000,0.72406213,1.82819911,0.40109680,-0.99882455,-0.24201471,0.40553505,0.51742901
2.625000,0.72467235,1.82877551,0.40144572,-0.99887345,-0.24219760,0.40545265,0.51786497
2.630000,0.72526897,1.82933842,0.40178677,-0.99892083,-0.24237657,0.40537196,0.51829156
2.635000,0.72585208,1.82988797,0.40211999,-0.99896674,-0.24255162,0.40529297,0.51870885
2.640000,0.72642174,1.83042428,0.40244542,-0.99901121,-0.24272279,0.40521569,0.51911688
2.645000,0.72697805,1.83094748,0.40276310,-0.99905428,-0.24289008,0.40514012,0.51951571
2.650000,0.72752109,1.83145769,0.40307309,-0.99909596,-0.24305353,0.40506624,0.51990538
2.655000,0.72805094,1.83195504,0.40337543,-0.99913631,-0.24321314,0.40499407,0.52028597
2.660000,0.72856770,1.83243966,0.40367017,-0.99917535,-0.24336895,0.40492358,0.52065752
2.665000,0.72907146,1.83291168,0.40395736,-0.99921310,-0.24352097,0.40485478,0.52102011
2.670000,0.72956231,1.83337123,0.40423705,-0.99924961,-0.24366923,0.40478767,0.52137379
2.675000,0.73004036,1.83381844,0.40450931,-0.99928490,-0.24381376,0.40472223,0.52171863
2.680000,0.73050571,1.83425344,0.40477419,-0.99931900,-0.24395458,0.40465846,0.52205469
2.685000,0.73095846,1.83467637,0.40503174,-0.99935194,-0.24409172,0.40459635,0.52238206
2.690000,0.73139871,1.83508736,0.40528203,-0.99938374,-0.24422520,0.40453589,0.52270079
2.695000,0.73182659,1.83548655,0.40552512,-0.99941444,-0.24435506,0.40447708,0.52301097
2.700000,0.73224220,1.83587408,0.40576108,-0.99944406,-0.24448133,0.40441990,0.52331267
2.705000,0.73264566,1.83625008,0.40598997,-0.99947262,-0.24460404,0.40436434,0.52360597
2.710000,0.73303708,1.83661470,0.40621185,-0.99950016,-0.24472321,0.40431039,0.52389095
2.715000,0.73341659,1.83696808,0.40642680,-0.99952669,-0.24483889,0.40425805,0.52416769
2.720000,0.73378432,1.83731035,0.40663488,-0.99955224,-0.24495111,0.40420729,0.52443628
2.725000,0.73414039,1.83764167,0.40683618,-0.99957684,-0.24505989,0.40415811,0.52469680
2.730000,0.73448494,1.83796218,0.40703076,-0.99960050,-0.24516529,0.40411050,0.52494934
2.735000,0.73481808,1.83827202,0.40721871,-0.99962326,-0.24526733,0.40406443,0.52519399
2.740000,0.73513997,1.83857135,0.40740009,-0.99964513,-0.24536605,0.40401989,0.52543085
2.745000,0.73545074,1.83886031,0.40757499,-0.99966613,-0.24546149,0.40397687,0.52566001
2.750000,0.73575053,1.83913905,0.40774349,-0.99968629,-0.24555369,0.40393535,0.52588156
2.755000,0.73603948,1.83940773,0.40790567,-0.99970563,-0.24564269,0.40389532,0.52609561
2.760000,0.73631775,1.83966650,0.40806162,-0.99972417,-0.24572854,0.40385675,0.52630226
2.765000,0.73658548,1.83991552,0.40821142,-0.99974192,-0.24581127,0.40381963,0.52650160
2.770000,0.73684283,1.84015494,0.40835517,-0.99975891,-0.24589094,0.40378395,0.52669375
2.775000,0.73708995,1.84038492,0.40849295,-0.99977517,-0.24596757,0.40374968,0.52687881
2.780000,0.73732700,1.84060562,0.40862485,-0.99979069,-0.24604123,0.40371680,0.52705688
2.785000,0.73755414,1.84081720,0.40875097,-0.99980552,-0.24611195,0.40368530,0.52722809
2.790000,0.73777154,1.84101983,0.40887140,-0.99981965,-0.24617978,0.40365514,0.52739255
2.795000,0.73797936,1.84121367,0.40898624,-0.99983312,-0.24624478,0.40362632,0.52755036
2.800000,0.73817778,1.84139888,0.40909559,-0.99984594,-0.24630699,0.40359881,0.52770165
2.805000,0.73836696,1.84157564,0.40919955,-0.99985812,-0.24636646,0.40357258,0.52784653
2.810000,0.73854708,1.84174412,0.40929822,-0.99986969,-0.24642323,0.40354762,0.52798514
2.815000,0.73871833,1.84190449,0.40939170,-0.99988066,-0.24647738,0.40352390,0.52811758
2.820000,0.73888087,1.84205691,0.40948010,-0.99989105,-0.24652894,0.40350140,0.52824398
2.825000,0.73903490,1.84220158,0.40956353,-0.99990087,-0.24657797,0.40348009,0.52836448
2.830000,0.73918061,1.84233866,0.40964209,-0.99991014,-0.24662453,0.40345995,0.52847920
2.835000,0.73931817,1.84246833,0.40971590,-0.99991888,-0.24666866,0.40344095,0.52858827
2.840000,0.73944779,1.84259077,0.40978506,-0.99992710,-0.24671044,0.40342306,0.52869183
2.845000,0.73956966,1.84270618,0.40984969,-0.99993482,-0.24674990,0.40340627,0.52879001
2.850000,0.73968397,1.84281472,0.40990991,-0.99994205,-0.24678713,0.40339054,0.52888294
2.855000,0.73979094,1.84291660,0.40996583,-0.99994882,-0.24682216,0.40337584,0.52897078
2.860000,0.73989075,1.84301199,0.41001758,-0.99995512,-0.24685507,0.40336215,0.52905365
2.865000,0.73998362,1.84310109,0.41006526,-0.99996099,-0.24688591,0.40334944,0.52913170
2.870000,0.74006976,1.84318410,0.41010901,-0.99996644,-0.24691474,0.40333768,0.52920507
2.875000,0.74014938,1.84326120,0.41014895,-0.99997147,-0.24694163,0.40332684,0.52927392
2.880000,0.74022269,1.84333260,0.41018520,-0.99997611,-0.24696665,0.40331689,0.52933839
2.885000,0.74028991,1.84339849,0.41021789,-0.99998037,-0.24698985,0.40330780,0.52939863
2.890000,0.74035127,1.84345907,0.41024715,-0.99998426,-0.24701130,0.40329954,0.52945480
2.895000,0.74040697,1.84351456,0.41027311,-0.99998780,-0.24703107,0.40329208,0.52950705
2.900000,0.74045726,1.84356515,0.41029590,-0.99999102,-0.24704922,0.40328539,0.52955553
2.905000,0.74050236,1.84361105,0.41031566,-0.99999391,-0.24706583,0.40327943,0.52960041
2.910000,0.74054250,1.84365248,0.41033251,-0.99999649,-0.24708096,0.40327417,0.52964185
2.915000,0.74057791,1.84368964,0.41034660,-0.99999879,-0.24709467,0.40326959,0.52968000
2.920000,0.74060883,1.84372276,0.41035807,-1.00000081,-0.24710705,0.40326564,0.52971503
2.925000,0.74063551,1.84375204,0.41036705,-1.00000257,-0.24711817,0.40326229,0.52974712
2.930000,0.74065817,1.84377771,0.41037369,-1.00000409,-0.24712808,0.40325951,0.52977642
2.935000,0.74067708,1.84379999,0.41037813,-1.00000538,-0.24713688,0.40325726,0.52980311
2.940000,0.74069247,1.84381911,0.41038051,-1.00000646,-0.24714463,0.40325552,0.52982736
2.945000,0.74070460,1.84383528,0.41038099,-1.00000734,-0.24715140,0.40325423,0.52984935
2.950000,0.74071373,1.84384874,0.41037970,-1.00000804,-0.24715728,0.40325337,0.52986924
2.955000,0.74072010,1.84385973,0.41037681,-1.00000857,-0.24716234,0.40325291,0.52988723
2.960000,0.74072397,1.84386847,0.41037246,-1.00000895,-0.24716665,0.40325279,0.52990348
2.965000,0.74072562,1.84387520,0.41036680,-1.00000920,-0.24717030,0.40325299,0.52991818
2.970000,0.74072530,1.84388017,0.41036000,-1.00000933,-0.24717336,0.40325348,0.52993152
2.975000,0.74072328,1.84388360,0.41035220,-1.00000936,-0.24717591,0.40325420,0.52994368
2.980000,0.74071984,1.84388576,0.41034357,-1.00000930,-0.24717803,0.40325513,0.52995484
2.985000,0.74071524,1.84388687,0.41033426,-1.00000918,-0.24717982,0.40325622,0.52996521
2.990000,0.74070976,1.84388720,0.41032444,-1.00000900,-0.24718134,0.40325744,0.52997496
2.995000,0.74070368,1.84388699,0.41031426,-1.00000879,-0.24718268,0.40325874,0.52998430
3.000000,0.74069729,1.84388650,0.41030390,-1.00000856,-0.24718392,0.40326009,0.52999342
